Instance-Id,AllInstanceCPUUsage
i-0f61bff8ae8d09e48,0.0994535519126
i-058d282c64b0eb1e7,0.267268685746
i-0be0d2de773388f7f,0.133333333333
