Instance-Id,AllInstanceCPUUsage
i-0f61bff8ae8d09e48,0.101129943503
i-058d282c64b0eb1e7,0.332240437158
i-0be0d2de773388f7f,0.0666666666667
