Instance-Id,AllInstanceCPUUsage
i-0f61bff8ae8d09e48,0.133898305085
i-058d282c64b0eb1e7,20.4667222377
i-0be0d2de773388f7f,0.133351856997
